<?xml version="1.0" encoding="UTF-8"?><?xml-stylesheet type='text/xsl' href='_UpgradeReport_Files/UpgradeReport.xslt'?><UpgradeLog>
<Properties><Property Name="Solution" Value="GoldParserEngineTest">
</Property><Property Name="Solution File" Value="D:\Development\source\dotnet\GoldParserEngineTest\GoldParserEngineTest.sln">
</Property><Property Name="User Options File" Value="D:\Development\source\dotnet\GoldParserEngineTest\GoldParserEngineTest.suo">
</Property><Property Name="Date" Value="27 May 2006">
</Property><Property Name="Time" Value="12:43">
</Property></Properties><Event ErrorLevel="0" Project="" Source="GoldParserEngineTest.sln" Description="File successfully backed up as D:\Development\source\dotnet\GoldParserEngineTest\Backup\GoldParserEngineTest.sln">
</Event><Event ErrorLevel="0" Project="" Source="GoldParserEngineTest.suo" Description="File successfully backed up as D:\Development\source\dotnet\GoldParserEngineTest\Backup\GoldParserEngineTest.suo">
</Event><Event ErrorLevel="0" Project="GoldParserEngineTest" Source="GoldParserEngineTest.csproj" Description="Project file successfully backed up as D:\Development\source\dotnet\GoldParserEngineTest\Backup\GoldParserEngineTest.csproj">
</Event><Event ErrorLevel="0" Project="GoldParserEngineTest" Source="GoldParserEngineTest.csproj.user" Description="Project user file successfully backed up as D:\Development\source\dotnet\GoldParserEngineTest\Backup\GoldParserEngineTest.csproj.user">
</Event><Event ErrorLevel="0" Project="GoldParserEngineTest" Source="AssemblyInfo.cs" Description="File successfully backed up as D:\Development\source\dotnet\GoldParserEngineTest\Backup\AssemblyInfo.cs">
</Event><Event ErrorLevel="0" Project="GoldParserEngineTest" Source="com\calitha\goldparser\test\AboutForm.cs" Description="File successfully backed up as D:\Development\source\dotnet\GoldParserEngineTest\Backup\com\calitha\goldparser\test\AboutForm.cs">
</Event><Event ErrorLevel="0" Project="GoldParserEngineTest" Source="com\calitha\goldparser\test\MainForm.cs" Description="File successfully backed up as D:\Development\source\dotnet\GoldParserEngineTest\Backup\com\calitha\goldparser\test\MainForm.cs">
</Event><Event ErrorLevel="0" Project="GoldParserEngineTest" Source="com\calitha\goldparser\test\UserSettings.cs" Description="File successfully backed up as D:\Development\source\dotnet\GoldParserEngineTest\Backup\com\calitha\goldparser\test\UserSettings.cs">
</Event><Event ErrorLevel="0" Project="GoldParserEngineTest" Source="app.config" Description="File successfully backed up as D:\Development\source\dotnet\GoldParserEngineTest\Backup\app.config">
</Event><Event ErrorLevel="0" Project="GoldParserEngineTest" Source="com\calitha\goldparser\test\AboutForm.resx" Description="File successfully backed up as D:\Development\source\dotnet\GoldParserEngineTest\Backup\com\calitha\goldparser\test\AboutForm.resx">
</Event><Event ErrorLevel="0" Project="GoldParserEngineTest" Source="com\calitha\goldparser\test\application.resources" Description="File successfully backed up as D:\Development\source\dotnet\GoldParserEngineTest\Backup\com\calitha\goldparser\test\application.resources">
</Event><Event ErrorLevel="0" Project="GoldParserEngineTest" Source="com\calitha\goldparser\test\MainForm.resx" Description="File successfully backed up as D:\Development\source\dotnet\GoldParserEngineTest\Backup\com\calitha\goldparser\test\MainForm.resx">
</Event><Event ErrorLevel="0" Project="GoldParserEngineTest" Source="GoldParserEngineTest.csproj" Description="Project converted successfully">
</Event><Event ErrorLevel="3" Project="GoldParserEngineTest" Source="GoldParserEngineTest.csproj" Description="Converted">
</Event><Event ErrorLevel="1" Project="GoldParserEngine" Source="..\GoldParserEngine\GoldParserEngine.csproj" Description="Warning: The project file is being backed up to a relative path that differs from the original solution relative path.  The difference in folder hierarchy may create problems in opening or building the backed up solution and project.">
</Event><Event ErrorLevel="0" Project="GoldParserEngine" Source="..\GoldParserEngine\GoldParserEngine.csproj" Description="Project file successfully backed up as D:\Development\source\dotnet\GoldParserEngineTest\Backup\GoldParserEngine\GoldParserEngine.csproj">
</Event><Event ErrorLevel="0" Project="GoldParserEngine" Source="..\GoldParserEngine\GoldParserEngine.csproj.user" Description="Project user file successfully backed up as D:\Development\source\dotnet\GoldParserEngineTest\Backup\GoldParserEngine\GoldParserEngine.csproj.user">
</Event><Event ErrorLevel="0" Project="GoldParserEngine" Source="..\GoldParserEngine\AssemblyInfo.cs" Description="File successfully backed up as D:\Development\source\dotnet\GoldParserEngineTest\Backup\GoldParserEngine\AssemblyInfo.cs">
</Event><Event ErrorLevel="0" Project="GoldParserEngine" Source="..\GoldParserEngine\com\calitha\goldparser\content\ActionSubRecord.cs" Description="File successfully backed up as D:\Development\source\dotnet\GoldParserEngineTest\Backup\GoldParserEngine\com\calitha\goldparser\content\ActionSubRecord.cs">
</Event><Event ErrorLevel="0" Project="GoldParserEngine" Source="..\GoldParserEngine\com\calitha\goldparser\content\CGTContent.cs" Description="File successfully backed up as D:\Development\source\dotnet\GoldParserEngineTest\Backup\GoldParserEngine\com\calitha\goldparser\content\CGTContent.cs">
</Event><Event ErrorLevel="0" Project="GoldParserEngine" Source="..\GoldParserEngine\com\calitha\goldparser\content\CGTContentException.cs" Description="File successfully backed up as D:\Development\source\dotnet\GoldParserEngineTest\Backup\GoldParserEngine\com\calitha\goldparser\content\CGTContentException.cs">
</Event><Event ErrorLevel="0" Project="GoldParserEngine" Source="..\GoldParserEngine\com\calitha\goldparser\content\CharacterSetRecord.cs" Description="File successfully backed up as D:\Development\source\dotnet\GoldParserEngineTest\Backup\GoldParserEngine\com\calitha\goldparser\content\CharacterSetRecord.cs">
</Event><Event ErrorLevel="0" Project="GoldParserEngine" Source="..\GoldParserEngine\com\calitha\goldparser\content\CharacterSetTable.cs" Description="File successfully backed up as D:\Development\source\dotnet\GoldParserEngineTest\Backup\GoldParserEngine\com\calitha\goldparser\content\CharacterSetTable.cs">
</Event><Event ErrorLevel="0" Project="GoldParserEngine" Source="..\GoldParserEngine\com\calitha\goldparser\content\DFAStateRecord.cs" Description="File successfully backed up as D:\Development\source\dotnet\GoldParserEngineTest\Backup\GoldParserEngine\com\calitha\goldparser\content\DFAStateRecord.cs">
</Event><Event ErrorLevel="0" Project="GoldParserEngine" Source="..\GoldParserEngine\com\calitha\goldparser\content\DFAStateTable.cs" Description="File successfully backed up as D:\Development\source\dotnet\GoldParserEngineTest\Backup\GoldParserEngine\com\calitha\goldparser\content\DFAStateTable.cs">
</Event><Event ErrorLevel="0" Project="GoldParserEngine" Source="..\GoldParserEngine\com\calitha\goldparser\content\EdgeSubRecord.cs" Description="File successfully backed up as D:\Development\source\dotnet\GoldParserEngineTest\Backup\GoldParserEngine\com\calitha\goldparser\content\EdgeSubRecord.cs">
</Event><Event ErrorLevel="0" Project="GoldParserEngine" Source="..\GoldParserEngine\com\calitha\goldparser\content\InitialStatesRecord.cs" Description="File successfully backed up as D:\Development\source\dotnet\GoldParserEngineTest\Backup\GoldParserEngine\com\calitha\goldparser\content\InitialStatesRecord.cs">
</Event><Event ErrorLevel="0" Project="GoldParserEngine" Source="..\GoldParserEngine\com\calitha\goldparser\content\LALRStateRecord.cs" Description="File successfully backed up as D:\Development\source\dotnet\GoldParserEngineTest\Backup\GoldParserEngine\com\calitha\goldparser\content\LALRStateRecord.cs">
</Event><Event ErrorLevel="0" Project="GoldParserEngine" Source="..\GoldParserEngine\com\calitha\goldparser\content\LALRStateTable.cs" Description="File successfully backed up as D:\Development\source\dotnet\GoldParserEngineTest\Backup\GoldParserEngine\com\calitha\goldparser\content\LALRStateTable.cs">
</Event><Event ErrorLevel="0" Project="GoldParserEngine" Source="..\GoldParserEngine\com\calitha\goldparser\content\Parameters.cs" Description="File successfully backed up as D:\Development\source\dotnet\GoldParserEngineTest\Backup\GoldParserEngine\com\calitha\goldparser\content\Parameters.cs">
</Event><Event ErrorLevel="0" Project="GoldParserEngine" Source="..\GoldParserEngine\com\calitha\goldparser\content\RuleRecord.cs" Description="File successfully backed up as D:\Development\source\dotnet\GoldParserEngineTest\Backup\GoldParserEngine\com\calitha\goldparser\content\RuleRecord.cs">
</Event><Event ErrorLevel="0" Project="GoldParserEngine" Source="..\GoldParserEngine\com\calitha\goldparser\content\RuleTable.cs" Description="File successfully backed up as D:\Development\source\dotnet\GoldParserEngineTest\Backup\GoldParserEngine\com\calitha\goldparser\content\RuleTable.cs">
</Event><Event ErrorLevel="0" Project="GoldParserEngine" Source="..\GoldParserEngine\com\calitha\goldparser\content\SymbolRecord.cs" Description="File successfully backed up as D:\Development\source\dotnet\GoldParserEngineTest\Backup\GoldParserEngine\com\calitha\goldparser\content\SymbolRecord.cs">
</Event><Event ErrorLevel="0" Project="GoldParserEngine" Source="..\GoldParserEngine\com\calitha\goldparser\content\SymbolTable.cs" Description="File successfully backed up as D:\Development\source\dotnet\GoldParserEngineTest\Backup\GoldParserEngine\com\calitha\goldparser\content\SymbolTable.cs">
</Event><Event ErrorLevel="0" Project="GoldParserEngine" Source="..\GoldParserEngine\com\calitha\goldparser\content\TableCounts.cs" Description="File successfully backed up as D:\Development\source\dotnet\GoldParserEngineTest\Backup\GoldParserEngine\com\calitha\goldparser\content\TableCounts.cs">
</Event><Event ErrorLevel="0" Project="GoldParserEngine" Source="..\GoldParserEngine\com\calitha\goldparser\dfa\DFA.cs" Description="File successfully backed up as D:\Development\source\dotnet\GoldParserEngineTest\Backup\GoldParserEngine\com\calitha\goldparser\dfa\DFA.cs">
</Event><Event ErrorLevel="0" Project="GoldParserEngine" Source="..\GoldParserEngine\com\calitha\goldparser\dfa\State.cs" Description="File successfully backed up as D:\Development\source\dotnet\GoldParserEngineTest\Backup\GoldParserEngine\com\calitha\goldparser\dfa\State.cs">
</Event><Event ErrorLevel="0" Project="GoldParserEngine" Source="..\GoldParserEngine\com\calitha\goldparser\dfa\Transition.cs" Description="File successfully backed up as D:\Development\source\dotnet\GoldParserEngineTest\Backup\GoldParserEngine\com\calitha\goldparser\dfa\Transition.cs">
</Event><Event ErrorLevel="0" Project="GoldParserEngine" Source="..\GoldParserEngine\com\calitha\goldparser\LALRParser.cs" Description="File successfully backed up as D:\Development\source\dotnet\GoldParserEngineTest\Backup\GoldParserEngine\com\calitha\goldparser\LALRParser.cs">
</Event><Event ErrorLevel="0" Project="GoldParserEngine" Source="..\GoldParserEngine\com\calitha\goldparser\lalr\AcceptAction.cs" Description="File successfully backed up as D:\Development\source\dotnet\GoldParserEngineTest\Backup\GoldParserEngine\com\calitha\goldparser\lalr\AcceptAction.cs">
</Event><Event ErrorLevel="0" Project="GoldParserEngine" Source="..\GoldParserEngine\com\calitha\goldparser\lalr\Action.cs" Description="File successfully backed up as D:\Development\source\dotnet\GoldParserEngineTest\Backup\GoldParserEngine\com\calitha\goldparser\lalr\Action.cs">
</Event><Event ErrorLevel="0" Project="GoldParserEngine" Source="..\GoldParserEngine\com\calitha\goldparser\lalr\ActionFactory.cs" Description="File successfully backed up as D:\Development\source\dotnet\GoldParserEngineTest\Backup\GoldParserEngine\com\calitha\goldparser\lalr\ActionFactory.cs">
</Event><Event ErrorLevel="0" Project="GoldParserEngine" Source="..\GoldParserEngine\com\calitha\goldparser\lalr\GotoAction.cs" Description="File successfully backed up as D:\Development\source\dotnet\GoldParserEngineTest\Backup\GoldParserEngine\com\calitha\goldparser\lalr\GotoAction.cs">
</Event><Event ErrorLevel="0" Project="GoldParserEngine" Source="..\GoldParserEngine\com\calitha\goldparser\lalr\ReduceAction.cs" Description="File successfully backed up as D:\Development\source\dotnet\GoldParserEngineTest\Backup\GoldParserEngine\com\calitha\goldparser\lalr\ReduceAction.cs">
</Event><Event ErrorLevel="0" Project="GoldParserEngine" Source="..\GoldParserEngine\com\calitha\goldparser\lalr\ShiftAction.cs" Description="File successfully backed up as D:\Development\source\dotnet\GoldParserEngineTest\Backup\GoldParserEngine\com\calitha\goldparser\lalr\ShiftAction.cs">
</Event><Event ErrorLevel="0" Project="GoldParserEngine" Source="..\GoldParserEngine\com\calitha\goldparser\lalr\State.cs" Description="File successfully backed up as D:\Development\source\dotnet\GoldParserEngineTest\Backup\GoldParserEngine\com\calitha\goldparser\lalr\State.cs">
</Event><Event ErrorLevel="0" Project="GoldParserEngine" Source="..\GoldParserEngine\com\calitha\goldparser\Location.cs" Description="File successfully backed up as D:\Development\source\dotnet\GoldParserEngineTest\Backup\GoldParserEngine\com\calitha\goldparser\Location.cs">
</Event><Event ErrorLevel="0" Project="GoldParserEngine" Source="..\GoldParserEngine\com\calitha\goldparser\ParserEvents.cs" Description="File successfully backed up as D:\Development\source\dotnet\GoldParserEngineTest\Backup\GoldParserEngine\com\calitha\goldparser\ParserEvents.cs">
</Event><Event ErrorLevel="0" Project="GoldParserEngine" Source="..\GoldParserEngine\com\calitha\goldparser\ParserException.cs" Description="File successfully backed up as D:\Development\source\dotnet\GoldParserEngineTest\Backup\GoldParserEngine\com\calitha\goldparser\ParserException.cs">
</Event><Event ErrorLevel="0" Project="GoldParserEngine" Source="..\GoldParserEngine\com\calitha\goldparser\Reader.cs" Description="File successfully backed up as D:\Development\source\dotnet\GoldParserEngineTest\Backup\GoldParserEngine\com\calitha\goldparser\Reader.cs">
</Event><Event ErrorLevel="0" Project="GoldParserEngine" Source="..\GoldParserEngine\com\calitha\goldparser\Rule.cs" Description="File successfully backed up as D:\Development\source\dotnet\GoldParserEngineTest\Backup\GoldParserEngine\com\calitha\goldparser\Rule.cs">
</Event><Event ErrorLevel="0" Project="GoldParserEngine" Source="..\GoldParserEngine\com\calitha\goldparser\StateStack.cs" Description="File successfully backed up as D:\Development\source\dotnet\GoldParserEngineTest\Backup\GoldParserEngine\com\calitha\goldparser\StateStack.cs">
</Event><Event ErrorLevel="0" Project="GoldParserEngine" Source="..\GoldParserEngine\com\calitha\goldparser\StringTokenizer.cs" Description="File successfully backed up as D:\Development\source\dotnet\GoldParserEngineTest\Backup\GoldParserEngine\com\calitha\goldparser\StringTokenizer.cs">
</Event><Event ErrorLevel="0" Project="GoldParserEngine" Source="..\GoldParserEngine\com\calitha\goldparser\structure\CGTStructure.cs" Description="File successfully backed up as D:\Development\source\dotnet\GoldParserEngineTest\Backup\GoldParserEngine\com\calitha\goldparser\structure\CGTStructure.cs">
</Event><Event ErrorLevel="0" Project="GoldParserEngine" Source="..\GoldParserEngine\com\calitha\goldparser\structure\CGTStructureException.cs" Description="File successfully backed up as D:\Development\source\dotnet\GoldParserEngineTest\Backup\GoldParserEngine\com\calitha\goldparser\structure\CGTStructureException.cs">
</Event><Event ErrorLevel="0" Project="GoldParserEngine" Source="..\GoldParserEngine\com\calitha\goldparser\structure\Entry.cs" Description="File successfully backed up as D:\Development\source\dotnet\GoldParserEngineTest\Backup\GoldParserEngine\com\calitha\goldparser\structure\Entry.cs">
</Event><Event ErrorLevel="0" Project="GoldParserEngine" Source="..\GoldParserEngine\com\calitha\goldparser\structure\EntryFactory.cs" Description="File successfully backed up as D:\Development\source\dotnet\GoldParserEngineTest\Backup\GoldParserEngine\com\calitha\goldparser\structure\EntryFactory.cs">
</Event><Event ErrorLevel="0" Project="GoldParserEngine" Source="..\GoldParserEngine\com\calitha\goldparser\structure\Record.cs" Description="File successfully backed up as D:\Development\source\dotnet\GoldParserEngineTest\Backup\GoldParserEngine\com\calitha\goldparser\structure\Record.cs">
</Event><Event ErrorLevel="0" Project="GoldParserEngine" Source="..\GoldParserEngine\com\calitha\goldparser\Symbol.cs" Description="File successfully backed up as D:\Development\source\dotnet\GoldParserEngineTest\Backup\GoldParserEngine\com\calitha\goldparser\Symbol.cs">
</Event><Event ErrorLevel="0" Project="GoldParserEngine" Source="..\GoldParserEngine\com\calitha\goldparser\SymbolFactory.cs" Description="File successfully backed up as D:\Development\source\dotnet\GoldParserEngineTest\Backup\GoldParserEngine\com\calitha\goldparser\SymbolFactory.cs">
</Event><Event ErrorLevel="0" Project="GoldParserEngine" Source="..\GoldParserEngine\com\calitha\goldparser\Token.cs" Description="File successfully backed up as D:\Development\source\dotnet\GoldParserEngineTest\Backup\GoldParserEngine\com\calitha\goldparser\Token.cs">
</Event><Event ErrorLevel="0" Project="GoldParserEngine" Source="..\GoldParserEngine\com\calitha\goldparser\TokenStack.cs" Description="File successfully backed up as D:\Development\source\dotnet\GoldParserEngineTest\Backup\GoldParserEngine\com\calitha\goldparser\TokenStack.cs">
</Event><Event ErrorLevel="0" Project="GoldParserEngine" Source="..\GoldParserEngine\GoldParserEngine.csproj" Description="Project converted successfully">
</Event><Event ErrorLevel="3" Project="GoldParserEngine" Source="..\GoldParserEngine\GoldParserEngine.csproj" Description="Converted">
</Event><Event ErrorLevel="1" Project="CalithaLibrary" Source="..\CalithaLib\CalithaLibrary.csproj" Description="Warning: The project file is being backed up to a relative path that differs from the original solution relative path.  The difference in folder hierarchy may create problems in opening or building the backed up solution and project.">
</Event><Event ErrorLevel="0" Project="CalithaLibrary" Source="..\CalithaLib\CalithaLibrary.csproj" Description="Project file successfully backed up as D:\Development\source\dotnet\GoldParserEngineTest\Backup\CalithaLibrary\CalithaLibrary.csproj">
</Event><Event ErrorLevel="0" Project="CalithaLibrary" Source="..\CalithaLib\CalithaLibrary.csproj.user" Description="Project user file successfully backed up as D:\Development\source\dotnet\GoldParserEngineTest\Backup\CalithaLibrary\CalithaLibrary.csproj.user">
</Event><Event ErrorLevel="0" Project="CalithaLibrary" Source="..\CalithaLib\AssemblyInfo.cs" Description="File successfully backed up as D:\Development\source\dotnet\GoldParserEngineTest\Backup\CalithaLibrary\AssemblyInfo.cs">
</Event><Event ErrorLevel="0" Project="CalithaLibrary" Source="..\CalithaLib\com\calitha\commons\AbstractSet.cs" Description="File successfully backed up as D:\Development\source\dotnet\GoldParserEngineTest\Backup\CalithaLibrary\com\calitha\commons\AbstractSet.cs">
</Event><Event ErrorLevel="0" Project="CalithaLibrary" Source="..\CalithaLib\com\calitha\commons\ArraySet.cs" Description="File successfully backed up as D:\Development\source\dotnet\GoldParserEngineTest\Backup\CalithaLibrary\com\calitha\commons\ArraySet.cs">
</Event><Event ErrorLevel="0" Project="CalithaLibrary" Source="..\CalithaLib\com\calitha\commons\BinaryReader.cs" Description="File successfully backed up as D:\Development\source\dotnet\GoldParserEngineTest\Backup\CalithaLibrary\com\calitha\commons\BinaryReader.cs">
</Event><Event ErrorLevel="0" Project="CalithaLibrary" Source="..\CalithaLib\com\calitha\commons\FileUtil.cs" Description="File successfully backed up as D:\Development\source\dotnet\GoldParserEngineTest\Backup\CalithaLibrary\com\calitha\commons\FileUtil.cs">
</Event><Event ErrorLevel="0" Project="CalithaLibrary" Source="..\CalithaLib\com\calitha\commons\HashSet.cs" Description="File successfully backed up as D:\Development\source\dotnet\GoldParserEngineTest\Backup\CalithaLibrary\com\calitha\commons\HashSet.cs">
</Event><Event ErrorLevel="0" Project="CalithaLibrary" Source="..\CalithaLib\com\calitha\commons\IntegerList.cs" Description="File successfully backed up as D:\Development\source\dotnet\GoldParserEngineTest\Backup\CalithaLibrary\com\calitha\commons\IntegerList.cs">
</Event><Event ErrorLevel="0" Project="CalithaLibrary" Source="..\CalithaLib\com\calitha\commons\ISet.cs" Description="File successfully backed up as D:\Development\source\dotnet\GoldParserEngineTest\Backup\CalithaLibrary\com\calitha\commons\ISet.cs">
</Event><Event ErrorLevel="0" Project="CalithaLibrary" Source="..\CalithaLib\com\calitha\commons\ResourceUtil.cs" Description="File successfully backed up as D:\Development\source\dotnet\GoldParserEngineTest\Backup\CalithaLibrary\com\calitha\commons\ResourceUtil.cs">
</Event><Event ErrorLevel="0" Project="CalithaLibrary" Source="..\CalithaLib\com\calitha\commons\StringUtil.cs" Description="File successfully backed up as D:\Development\source\dotnet\GoldParserEngineTest\Backup\CalithaLibrary\com\calitha\commons\StringUtil.cs">
</Event><Event ErrorLevel="0" Project="CalithaLibrary" Source="..\CalithaLib\com\calitha\commons\Util.cs" Description="File successfully backed up as D:\Development\source\dotnet\GoldParserEngineTest\Backup\CalithaLibrary\com\calitha\commons\Util.cs">
</Event><Event ErrorLevel="0" Project="CalithaLibrary" Source="..\CalithaLib\CalithaLibrary.csproj" Description="Project converted successfully">
</Event><Event ErrorLevel="3" Project="CalithaLibrary" Source="..\CalithaLib\CalithaLibrary.csproj" Description="Converted">
</Event><Event ErrorLevel="1" Project="TextCalculator" Source="..\TextCalculator\TextCalculator.csproj" Description="Warning: The project file is being backed up to a relative path that differs from the original solution relative path.  The difference in folder hierarchy may create problems in opening or building the backed up solution and project.">
</Event><Event ErrorLevel="0" Project="TextCalculator" Source="..\TextCalculator\TextCalculator.csproj" Description="Project file successfully backed up as D:\Development\source\dotnet\GoldParserEngineTest\Backup\TextCalculator\TextCalculator.csproj">
</Event><Event ErrorLevel="0" Project="TextCalculator" Source="..\TextCalculator\TextCalculator.csproj.user" Description="Project user file successfully backed up as D:\Development\source\dotnet\GoldParserEngineTest\Backup\TextCalculator\TextCalculator.csproj.user">
</Event><Event ErrorLevel="0" Project="TextCalculator" Source="..\TextCalculator\AssemblyInfo.cs" Description="File successfully backed up as D:\Development\source\dotnet\GoldParserEngineTest\Backup\TextCalculator\AssemblyInfo.cs">
</Event><Event ErrorLevel="0" Project="TextCalculator" Source="..\TextCalculator\com\calitha\goldparser\CalcParserV1.cs" Description="File successfully backed up as D:\Development\source\dotnet\GoldParserEngineTest\Backup\TextCalculator\com\calitha\goldparser\CalcParserV1.cs">
</Event><Event ErrorLevel="0" Project="TextCalculator" Source="..\TextCalculator\com\calitha\goldparser\CalcParserV2.cs" Description="File successfully backed up as D:\Development\source\dotnet\GoldParserEngineTest\Backup\TextCalculator\com\calitha\goldparser\CalcParserV2.cs">
</Event><Event ErrorLevel="0" Project="TextCalculator" Source="..\TextCalculator\com\calitha\goldparser\IParser.cs" Description="File successfully backed up as D:\Development\source\dotnet\GoldParserEngineTest\Backup\TextCalculator\com\calitha\goldparser\IParser.cs">
</Event><Event ErrorLevel="0" Project="TextCalculator" Source="..\TextCalculator\com\calitha\textcalc\expression\AddExpression.cs" Description="File successfully backed up as D:\Development\source\dotnet\GoldParserEngineTest\Backup\TextCalculator\com\calitha\textcalc\expression\AddExpression.cs">
</Event><Event ErrorLevel="0" Project="TextCalculator" Source="..\TextCalculator\com\calitha\textcalc\expression\BinaryExpression.cs" Description="File successfully backed up as D:\Development\source\dotnet\GoldParserEngineTest\Backup\TextCalculator\com\calitha\textcalc\expression\BinaryExpression.cs">
</Event><Event ErrorLevel="0" Project="TextCalculator" Source="..\TextCalculator\com\calitha\textcalc\expression\DivideExpression.cs" Description="File successfully backed up as D:\Development\source\dotnet\GoldParserEngineTest\Backup\TextCalculator\com\calitha\textcalc\expression\DivideExpression.cs">
</Event><Event ErrorLevel="0" Project="TextCalculator" Source="..\TextCalculator\com\calitha\textcalc\expression\Expression.cs" Description="File successfully backed up as D:\Development\source\dotnet\GoldParserEngineTest\Backup\TextCalculator\com\calitha\textcalc\expression\Expression.cs">
</Event><Event ErrorLevel="0" Project="TextCalculator" Source="..\TextCalculator\com\calitha\textcalc\expression\Float.cs" Description="File successfully backed up as D:\Development\source\dotnet\GoldParserEngineTest\Backup\TextCalculator\com\calitha\textcalc\expression\Float.cs">
</Event><Event ErrorLevel="0" Project="TextCalculator" Source="..\TextCalculator\com\calitha\textcalc\expression\Integer.cs" Description="File successfully backed up as D:\Development\source\dotnet\GoldParserEngineTest\Backup\TextCalculator\com\calitha\textcalc\expression\Integer.cs">
</Event><Event ErrorLevel="0" Project="TextCalculator" Source="..\TextCalculator\com\calitha\textcalc\expression\MultiplyExpression.cs" Description="File successfully backed up as D:\Development\source\dotnet\GoldParserEngineTest\Backup\TextCalculator\com\calitha\textcalc\expression\MultiplyExpression.cs">
</Event><Event ErrorLevel="0" Project="TextCalculator" Source="..\TextCalculator\com\calitha\textcalc\expression\NegateExpression.cs" Description="File successfully backed up as D:\Development\source\dotnet\GoldParserEngineTest\Backup\TextCalculator\com\calitha\textcalc\expression\NegateExpression.cs">
</Event><Event ErrorLevel="0" Project="TextCalculator" Source="..\TextCalculator\com\calitha\textcalc\expression\SubtractExpression.cs" Description="File successfully backed up as D:\Development\source\dotnet\GoldParserEngineTest\Backup\TextCalculator\com\calitha\textcalc\expression\SubtractExpression.cs">
</Event><Event ErrorLevel="0" Project="TextCalculator" Source="..\TextCalculator\com\calitha\textcalc\expression\UnaryExpression.cs" Description="File successfully backed up as D:\Development\source\dotnet\GoldParserEngineTest\Backup\TextCalculator\com\calitha\textcalc\expression\UnaryExpression.cs">
</Event><Event ErrorLevel="0" Project="TextCalculator" Source="..\TextCalculator\com\calitha\textcalc\expression\Value.cs" Description="File successfully backed up as D:\Development\source\dotnet\GoldParserEngineTest\Backup\TextCalculator\com\calitha\textcalc\expression\Value.cs">
</Event><Event ErrorLevel="0" Project="TextCalculator" Source="..\TextCalculator\com\calitha\textcalc\expression\ValueFactory.cs" Description="File successfully backed up as D:\Development\source\dotnet\GoldParserEngineTest\Backup\TextCalculator\com\calitha\textcalc\expression\ValueFactory.cs">
</Event><Event ErrorLevel="0" Project="TextCalculator" Source="..\TextCalculator\com\calitha\textcalc\MainForm.cs" Description="File successfully backed up as D:\Development\source\dotnet\GoldParserEngineTest\Backup\TextCalculator\com\calitha\textcalc\MainForm.cs">
</Event><Event ErrorLevel="0" Project="TextCalculator" Source="..\TextCalculator\app.config" Description="File successfully backed up as D:\Development\source\dotnet\GoldParserEngineTest\Backup\TextCalculator\app.config">
</Event><Event ErrorLevel="0" Project="TextCalculator" Source="..\TextCalculator\res\textcalculator.cgt" Description="File successfully backed up as D:\Development\source\dotnet\GoldParserEngineTest\Backup\TextCalculator\res\textcalculator.cgt">
</Event><Event ErrorLevel="0" Project="TextCalculator" Source="..\TextCalculator\res\textcalculator.grm" Description="File successfully backed up as D:\Development\source\dotnet\GoldParserEngineTest\Backup\TextCalculator\res\textcalculator.grm">
</Event><Event ErrorLevel="0" Project="TextCalculator" Source="..\TextCalculator\res\App.ico" Description="File successfully backed up as D:\Development\source\dotnet\GoldParserEngineTest\Backup\TextCalculator\res\App.ico">
</Event><Event ErrorLevel="0" Project="TextCalculator" Source="..\TextCalculator\com\calitha\textcalc\calculator.resources" Description="File successfully backed up as D:\Development\source\dotnet\GoldParserEngineTest\Backup\TextCalculator\com\calitha\textcalc\calculator.resources">
</Event><Event ErrorLevel="0" Project="TextCalculator" Source="..\TextCalculator\com\calitha\textcalc\MainForm.resx" Description="File successfully backed up as D:\Development\source\dotnet\GoldParserEngineTest\Backup\TextCalculator\com\calitha\textcalc\MainForm.resx">
</Event><Event ErrorLevel="0" Project="TextCalculator" Source="..\TextCalculator\TextCalculator.csproj" Description="Project converted successfully">
</Event><Event ErrorLevel="3" Project="TextCalculator" Source="..\TextCalculator\TextCalculator.csproj" Description="Converted">
</Event><Event ErrorLevel="0" Project="" Source="GoldParserEngineTest.sln" Description="Solution converted successfully">
</Event><Event ErrorLevel="3" Project="" Source="GoldParserEngineTest.sln" Description="Converted">
</Event><Event ErrorLevel="0" Project="GoldParserEngineTest" Source="app.config" Description="File converted successfully. All &lt;supportedRuntime&gt; and &lt;requiredRuntime&gt; tags were removed to enable the project to build and run with Visual Studio 2005.">
</Event><Event ErrorLevel="3" Project="GoldParserEngineTest" Source="app.config" Description="Converted">
</Event><Event ErrorLevel="0" Project="GoldParserEngine" Source="..\GoldParserEngine\GoldParserEngine.csproj" Description="Scan complete: Upgrade not required for project files.">
</Event><Event ErrorLevel="0" Project="CalithaLibrary" Source="..\CalithaLib\CalithaLibrary.csproj" Description="Scan complete: Upgrade not required for project files.">
</Event><Event ErrorLevel="0" Project="TextCalculator" Source="..\TextCalculator\app.config" Description="File converted successfully. All &lt;supportedRuntime&gt; and &lt;requiredRuntime&gt; tags were removed to enable the project to build and run with Visual Studio 2005.">
</Event><Event ErrorLevel="3" Project="TextCalculator" Source="..\TextCalculator\app.config" Description="Converted">
</Event></UpgradeLog>